Changes made at Thu Nov 20 10:01:00 UTC 2025
Changes made at Thu Nov 20 12:25:26 UTC 2025
Changes made at Thu Nov 20 14:00:48 UTC 2025
Changes made at Thu Nov 20 16:01:08 UTC 2025
Changes made at Fri Nov 21 08:00:59 UTC 2025
Changes made at Fri Nov 21 10:00:50 UTC 2025
Changes made at Fri Nov 21 14:00:57 UTC 2025
Changes made at Fri Nov 21 16:00:57 UTC 2025
Changes made at Sat Nov 22 08:00:38 UTC 2025
Changes made at Sat Nov 22 10:00:52 UTC 2025
Changes made at Sat Nov 22 14:00:39 UTC 2025
Changes made at Sat Nov 22 16:00:47 UTC 2025
Changes made at Sun Nov 23 08:00:55 UTC 2025
Changes made at Sun Nov 23 10:00:42 UTC 2025
Changes made at Sun Nov 23 14:00:34 UTC 2025
Changes made at Sun Nov 23 16:00:36 UTC 2025
